{"cameraMode":{"drawMode":0,"name":"Shaded","section":"Shading Mode"},"sceneLighting":false,"audioPlay":false,"sceneViewState":{"showFog":true,"showMaterialUpdate":false,"showSkybox":true,"showFlares":true,"showImageEffects":true,"showParticleSystems":true},"in2DMode":false,"pivot":{"x":0.0005550384521484375,"y":0.023756161332130433,"z":-0.00023555755615234375},"rotation":{"x":-0.1760443150997162,"y":0.8197190165519714,"z":-0.4286424219608307,"w":-0.3366602063179016},"size":61.118892669677737,"orthographic":false}