{"cameraMode":{"drawMode":0,"name":"Shaded","section":"Shading Mode"},"sceneLighting":false,"audioPlay":false,"sceneViewState":{"showFog":true,"showMaterialUpdate":false,"showSkybox":true,"showFlares":true,"showImageEffects":true,"showParticleSystems":true},"in2DMode":false,"pivot":{"x":-0.06689991056919098,"y":-0.16002586483955384,"z":0.0},"rotation":{"x":-0.19328980147838593,"y":0.7935209274291992,"z":-0.4808635413646698,"w":-0.31896650791168215},"size":10.170297622680664,"orthographic":false}